,position_index,billboard_image_at_position_text,fix_bill,recall,recognition
0,1,stop_smoking,0.0,0,0
1,2,coffee,0.0,0,0
2,3,texting_driving,0.0,0,0
3,4,disobey_vape,0.0,0,1
4,5,buckle_up,0.0,1,1
5,6,hotel,0.0,1,0
6,7,salad,0.0,0,0
7,8,brunch,0.0,0,1
8,9,binge_drinking,0.0,0,1
9,10,marijuana_driving,1.0,0,0
10,11,furniture,0.0,0,0
11,12,distracted_driving,0.0,0,0
12,13,drunk_driving,0.0,0,1
13,14,pizza,0.0,0,0
14,15,education_donation,0.0,0,0
15,16,smartphone,0.0,0,0
16,17,underage_drinking,0.0,0,0
17,18,burger,0.0,0,0
18,19,lawyer,3.0,0,0
19,20,drugged_driving,0.0,0,1
