StartDate,EndDate,Status,IPAddress,Progress,Duration (in seconds),Finished,RecordedDate,ResponseId,RecipientLastName,RecipientFirstName,RecipientEmail,ExternalReference,LocationLatitude,LocationLongitude,DistributionChannel,UserLanguage,Participant ID,Age,Gender,Virtual Sickness_1,Virtual Sickness_2,Virtual Sickness_3,Virtual Sickness_4,Virtual Sickness_5,Virtual Sickness_6,Virtual Sickness_7,Virtual Sickness_8,Virtual Sickness_9,Spatial Presence_1,Spatial Presence_2,Spatial Presence_3,Spatial Presence_4,Spatial Presence_5,Q18_1,Q18_2,Q18_3,Q18_4,Q18_5,Q18_6,Q18_7,Q18_8,Q18_9,Q18_10,Q18_11,Q18_12,Q18_13,Q18_14,Q18_15,Q18_16,Q18_17,Q18_18,Q18_19,Q18_20,Q18_21,Q18_22,Q18_23,Q18_24
Start Date,End Date,Response Type,IP Address,Progress,Duration (in seconds),Finished,Recorded Date,Response ID,Recipient Last Name,Recipient First Name,Recipient Email,External Data Reference,Location Latitude,Location Longitude,Distribution Channel,User Language,Please enter the participant's study ID below:,What is your current age? Please type a number.,To which gender do you most identify with?,"Using the corresponding scale below, select how much the stated symptom affected you in the virtual environment. - General Discomfort","Using the corresponding scale below, select how much the stated symptom affected you in the virtual environment. - Fatigue","Using the corresponding scale below, select how much the stated symptom affected you in the virtual environment. - Eyestrain","Using the corresponding scale below, select how much the stated symptom affected you in the virtual environment. - Difficulty Focusing","Using the corresponding scale below, select how much the stated symptom affected you in the virtual environment. - Headache","Using the corresponding scale below, select how much the stated symptom affected you in the virtual environment. - Fullness of Head","Using the corresponding scale below, select how much the stated symptom affected you in the virtual environment. - Blurred Vision","Using the corresponding scale below, select how much the stated symptom affected you in the virtual environment. - Dizzy (with eyes closed)","Using the corresponding scale below, select how much the stated symptom affected you in the virtual environment. - Vertigo","Rate the following statements on the following scale, as it pertains to the virtual reality environment you just experienced:

Strongly Disagree [1] to Strongly Agree [5] - I felt like I was transported to a different place.","Rate the following statements on the following scale, as it pertains to the virtual reality environment you just experienced:

Strongly Disagree [1] to Strongly Agree [5] - The virtual space appeared three-dimensional.","Rate the following statements on the following scale, as it pertains to the virtual reality environment you just experienced:

Strongly Disagree [1] to Strongly Agree [5] - The proportions of the virtual space were realistic.","Rate the following statements on the following scale, as it pertains to the virtual reality environment you just experienced:

Strongly Disagree [1] to Strongly Agree [5] - I felt that I could move freely in the virtual environment.","Rate the following statements on the following scale, as it pertains to the virtual reality environment you just experienced:

Strongly Disagree [1] to Strongly Agree [5] - It felt as though I was physically present in the virtual environment.",Do you remember seeing this billboard while driving along the highway? - binge_drinking,Do you remember seeing this billboard while driving along the highway? - brunch,Do you remember seeing this billboard while driving along the highway? - buckle_up,Do you remember seeing this billboard while driving along the highway? - burger,Do you remember seeing this billboard while driving along the highway? - coffee,Do you remember seeing this billboard while driving along the highway? - disobey_vape,Do you remember seeing this billboard while driving along the highway? - distracted_driving,Do you remember seeing this billboard while driving along the highway? - drugged_driving,Do you remember seeing this billboard while driving along the highway? - drunk_driving,Do you remember seeing this billboard while driving along the highway? - education_donation,Do you remember seeing this billboard while driving along the highway? - furniture,Do you remember seeing this billboard while driving along the highway? - hotel,Do you remember seeing this billboard while driving along the highway? - lawyer,Do you remember seeing this billboard while driving along the highway? - marijuana_driving,Do you remember seeing this billboard while driving along the highway? - moonrise_hotel,Do you remember seeing this billboard while driving along the highway? - pizza,Do you remember seeing this billboard while driving along the highway? - pollen,Do you remember seeing this billboard while driving along the highway? - salad,Do you remember seeing this billboard while driving along the highway? - smartphone,Do you remember seeing this billboard while driving along the highway? - nhtsa,Do you remember seeing this billboard while driving along the highway? - stop_smoking,Do you remember seeing this billboard while driving along the highway? - texting_driving,Do you remember seeing this billboard while driving along the highway? - exit_32,Do you remember seeing this billboard while driving along the highway? - underage_drink
"{""ImportId"":""startDate"",""timeZone"":""America/Denver""}","{""ImportId"":""endDate"",""timeZone"":""America/Denver""}","{""ImportId"":""status""}","{""ImportId"":""ipAddress""}","{""ImportId"":""progress""}","{""ImportId"":""duration""}","{""ImportId"":""finished""}","{""ImportId"":""recordedDate"",""timeZone"":""America/Denver""}","{""ImportId"":""_recordId""}","{""ImportId"":""recipientLastName""}","{""ImportId"":""recipientFirstName""}","{""ImportId"":""recipientEmail""}","{""ImportId"":""externalDataReference""}","{""ImportId"":""locationLatitude""}","{""ImportId"":""locationLongitude""}","{""ImportId"":""distributionChannel""}","{""ImportId"":""userLanguage""}","{""ImportId"":""QID6_TEXT""}","{""ImportId"":""QID2_TEXT""}","{""ImportId"":""QID3""}","{""ImportId"":""QID11_1""}","{""ImportId"":""QID11_2""}","{""ImportId"":""QID11_3""}","{""ImportId"":""QID11_4""}","{""ImportId"":""QID11_5""}","{""ImportId"":""QID11_6""}","{""ImportId"":""QID11_7""}","{""ImportId"":""QID11_8""}","{""ImportId"":""QID11_9""}","{""ImportId"":""QID16_1""}","{""ImportId"":""QID16_2""}","{""ImportId"":""QID16_3""}","{""ImportId"":""QID16_4""}","{""ImportId"":""QID16_5""}","{""ImportId"":""QID47_1""}","{""ImportId"":""QID47_2""}","{""ImportId"":""QID47_3""}","{""ImportId"":""QID47_4""}","{""ImportId"":""QID47_5""}","{""ImportId"":""QID47_6""}","{""ImportId"":""QID47_7""}","{""ImportId"":""QID47_8""}","{""ImportId"":""QID47_9""}","{""ImportId"":""QID47_10""}","{""ImportId"":""QID47_11""}","{""ImportId"":""QID47_12""}","{""ImportId"":""QID47_13""}","{""ImportId"":""QID47_14""}","{""ImportId"":""QID47_15""}","{""ImportId"":""QID47_16""}","{""ImportId"":""QID47_17""}","{""ImportId"":""QID47_18""}","{""ImportId"":""QID47_25""}","{""ImportId"":""QID47_21""}","{""ImportId"":""QID47_22""}","{""ImportId"":""QID47_26""}","{""ImportId"":""QID47_27""}","{""ImportId"":""QID47_28""}"
2023-01-23 09:23:00,2023-01-23 09:25:11,0,35.20.212.9,100,131,1,2023-01-23 09:25:12,R_3kyNp9pVoShbi9E,,,,,42.728,-84.4735,anonymous,EN,Sub001,27,2,1,1,1,2,1,2,2,1,1,5,5,5,5,5,1,1,1,2,2,1,1,2,2,1,1,2,1,1,2,1,2,1,2,2,1,1,2,1
2023-01-24 05:46:40,2023-01-24 05:48:38,0,35.20.212.9,100,117,1,2023-01-24 05:48:38,R_eWmdkQVEYUCbjxL,,,,,42.728,-84.4735,anonymous,EN,Sub002,41,1,1,1,2,1,1,1,1,1,1,4,4,5,4,5,1,1,1,1,1,1,2,1,2,2,2,2,2,2,2,2,2,1,2,2,1,1,2,1
2023-01-24 07:19:45,2023-01-24 07:23:19,0,35.20.212.9,100,213,1,2023-01-24 07:23:19,R_2czS0g0hJzv49Gz,,,,,42.728,-84.4735,anonymous,EN,sub003,42,1,2,1,2,1,1,2,2,1,1,2,4,3,2,2,2,2,1,1,2,1,2,2,2,2,2,2,2,2,1,2,2,2,2,2,2,2,2,2
2023-01-25 08:13:19,2023-01-25 08:17:35,0,35.20.212.9,100,255,1,2023-01-25 08:17:35,R_2z5R7zpVfCPVxt7,,,,,42.728,-84.4735,anonymous,EN,Sub004,19,1,1,1,1,1,1,1,2,1,1,4,3,4,2,4,1,1,1,1,2,2,2,2,2,2,2,2,2,2,2,2,2,1,2,2,2,2,2,2
2023-01-25 14:11:57,2023-01-25 14:16:54,0,35.20.212.9,100,297,1,2023-01-25 14:16:55,R_1OkjFlHN5xhealR,,,,,42.728,-84.4735,anonymous,EN,005,21,1,1,2,3,2,1,1,3,1,1,2,5,5,4,2,2,2,1,1,2,1,1,1,2,2,2,2,2,2,2,2,2,1,2,2,2,1,1,2
2023-01-26 10:49:59,2023-01-26 11:24:14,0,35.20.212.9,100,2055,1,2023-01-26 11:24:15,R_1FfgIH5xl8ywZlj,,,,,42.728,-84.4735,anonymous,EN,Sub006,21,2,1,1,1,1,1,1,1,1,1,4,4,4,4,4,2,2,2,1,2,2,2,2,2,2,2,2,2,1,2,1,2,2,2,2,1,2,2,2
2023-01-26 13:52:10,2023-01-26 13:55:53,0,35.20.212.9,100,223,1,2023-01-26 13:55:54,R_9MPR8jZlhNofqH7,,,,,42.728,-84.4735,anonymous,EN,sub007,22,1,1,2,1,1,1,1,1,1,1,4,1,2,1,4,2,2,2,2,2,1,1,2,2,2,2,2,2,2,2,1,2,1,2,2,2,1,1,2
2023-01-27 09:17:30,2023-01-27 09:23:39,0,35.20.77.202,100,369,1,2023-01-27 09:23:40,R_bknzWxazNTj6DBf,,,,,42.7367,-84.4758,anonymous,EN,Sub008,19,2,2,1,2,2,1,2,2,1,1,4,4,2,2,2,1,1,1,2,2,1,2,1,1,2,2,2,2,2,1,2,1,2,2,2,2,2,1,2
2023-01-30 07:29:03,2023-01-30 07:33:31,0,35.20.77.202,100,267,1,2023-01-30 07:33:31,R_vJKuXnTK47ZDxSN,,,,,42.7367,-84.4758,anonymous,EN,sub009,40,1,1,1,2,3,1,1,2,1,1,4,4,4,2,3,1,1,1,1,1,1,1,1,1,1,2,2,1,1,2,1,2,2,1,2,1,1,2,2
2023-01-30 08:21:02,2023-01-30 08:24:37,0,35.20.77.202,100,215,1,2023-01-30 08:24:38,R_3Eo1xsTOAq4QPHp,,,,,42.7367,-84.4758,anonymous,EN,sub010,52,2,1,1,2,2,1,1,1,1,1,4,3,4,4,4,2,1,1,2,2,1,2,1,2,1,2,2,2,2,2,1,2,2,2,2,2,2,2,2
2023-01-30 09:22:33,2023-01-30 09:24:32,0,35.20.77.202,100,118,1,2023-01-30 09:24:33,R_ClZqK8UKVHDDFbr,,,,,42.7367,-84.4758,anonymous,EN,Sub011,20,2,1,1,1,1,1,1,1,1,1,5,5,5,5,5,2,1,2,2,2,1,2,2,2,2,2,2,2,2,2,1,2,2,2,2,2,2,2,2
2023-01-30 12:28:27,2023-01-30 12:29:58,0,35.20.77.202,100,91,1,2023-01-30 12:29:59,R_DzZ9g0EpUmWrB1D,,,,,42.7367,-84.4758,anonymous,EN,Sub012,19,2,1,1,1,1,1,1,1,1,1,4,4,4,4,4,,,1,1,,,,,,1,,,1,,,1,,,,,,,,
2023-01-30 12:46:06,2023-01-30 12:49:05,0,35.20.77.202,100,178,1,2023-01-30 12:49:06,R_3JEoL7NeDe8thuA,,,,,42.7367,-84.4758,anonymous,EN,Sub013,19,2,1,1,2,2,1,2,3,1,2,4,4,4,3,4,2,2,1,1,2,1,2,1,2,2,2,2,2,1,2,1,2,1,2,2,1,1,2,2
2023-01-31 07:34:56,2023-01-31 07:37:59,0,35.20.77.202,100,183,1,2023-01-31 07:37:59,R_3JhfjtC67e9ez6I,,,,,42.728,-84.4735,anonymous,EN,sub014,20,1,1,1,1,1,1,1,1,1,1,4,3,4,4,5,2,1,2,2,2,2,2,2,2,2,2,2,1,2,2,2,2,1,1,2,2,2,2,2
2023-01-31 09:21:41,2023-01-31 09:24:02,0,35.20.77.202,100,140,1,2023-01-31 09:24:03,R_3jYx5vqHT6qAseB,,,,,42.728,-84.4735,anonymous,EN,sub015,26,3,1,1,3,2,1,1,2,1,1,5,5,4,4,5,2,2,2,1,2,2,2,1,1,1,2,2,2,2,2,1,2,1,2,2,2,1,2,1
2023-01-31 09:58:57,2023-01-31 10:01:21,0,35.20.77.202,100,144,1,2023-01-31 10:01:22,R_38ivpi8EqVZy1up,,,,,42.728,-84.4735,anonymous,EN,Sub016,20,1,1,1,1,2,1,1,1,1,1,5,5,4,3,4,1,1,1,2,1,2,2,2,2,1,2,1,2,1,2,1,2,1,2,2,2,2,2,2
2023-01-31 11:10:09,2023-01-31 11:13:47,0,35.20.77.202,100,218,1,2023-01-31 11:13:48,R_WljJVuuYfi2ULkd,,,,,42.728,-84.4735,anonymous,EN,Sub015_2,21,1,2,1,2,1,1,2,3,2,1,2,3,4,4,4,2,2,1,2,1,2,2,2,2,2,2,2,2,2,2,2,2,2,2,2,2,2,2,2
2023-01-31 13:11:40,2023-01-31 13:14:01,0,35.20.77.202,100,141,1,2023-01-31 13:14:02,R_3Hp2HX0vxc1L1Bf,,,,,42.728,-84.4735,anonymous,EN,Sub017,21,2,2,1,2,1,1,2,2,1,1,4,3,4,5,4,1,2,1,1,2,2,1,2,2,2,2,2,2,2,2,2,2,1,2,1,1,2,2,2
2023-01-31 15:13:02,2023-01-31 15:15:54,0,35.20.77.202,100,171,1,2023-01-31 15:15:54,R_YYPXEp1bAxT5N8B,,,,,42.728,-84.4735,anonymous,EN,Sub018,21,2,1,1,2,2,1,1,2,1,1,4,4,2,3,2,1,1,1,2,1,2,2,1,1,,2,1,2,2,2,2,2,1,2,2,1,2,2,2
2023-02-01 07:08:17,2023-02-01 07:14:35,0,35.20.77.202,100,378,1,2023-02-01 07:14:36,R_DbCSnXjjUAqY3Qt,,,,,42.728,-84.4735,anonymous,EN,Sub019,73,1,1,1,1,1,1,1,1,1,1,5,5,4,5,5,2,1,1,2,1,2,1,1,2,1,2,1,2,2,1,2,2,2,2,2,,1,2,2
2023-02-01 08:18:07,2023-02-01 08:23:15,0,35.20.77.202,100,307,1,2023-02-01 08:23:15,R_ylS3pLPj1yEKjaV,,,,,42.728,-84.4735,anonymous,EN,Sub020,30,2,1,1,1,2,1,1,2,1,1,4,4,4,2,3,1,1,1,2,1,1,2,1,2,1,2,2,2,2,2,1,2,1,2,2,2,2,2,1
2023-02-01 12:15:19,2023-02-01 12:22:55,0,35.20.77.202,100,456,1,2023-02-01 12:22:55,R_3O00FJCEuBvCuKV,,,,,42.728,-84.4735,anonymous,EN,Sub021,20,2,2,3,3,2,1,2,4,3,2,4,5,4,5,2,1,1,1,1,1,1,2,2,2,2,2,1,1,2,2,1,2,1,1,2,1,1,2,1
2023-02-02 11:25:14,2023-02-02 11:31:37,0,35.20.221.101,100,383,1,2023-02-02 11:31:38,R_1K0UdRDM7WPjcuz,,,,,42.7367,-84.4758,anonymous,EN,Sub022,20,2,1,1,1,1,1,1,1,1,1,5,5,5,5,5,2,1,1,1,2,2,1,1,1,1,2,2,1,1,2,1,2,1,2,1,1,1,2,2
2023-02-02 12:09:34,2023-02-02 12:15:22,0,35.20.221.101,100,348,1,2023-02-02 12:15:22,R_1gjSSEXACQq9eBN,,,,,42.7367,-84.4758,anonymous,EN,Sub023,20,1,1,1,2,1,1,1,2,1,1,5,5,4,4,5,1,1,1,1,1,1,1,1,1,1,1,1,1,1,2,1,2,1,1,2,1,1,2,1
2023-02-02 12:46:50,2023-02-02 12:48:34,0,35.20.221.101,100,103,1,2023-02-02 12:48:35,R_1H1zhIkDQ29zRpt,,,,,42.7367,-84.4758,anonymous,EN,024,19,1,1,1,1,2,1,1,2,1,1,5,5,4,5,5,2,1,2,1,2,1,1,1,1,2,2,1,1,1,2,1,2,1,2,2,1,1,2,2
2023-02-02 13:12:27,2023-02-02 13:21:12,0,35.20.221.101,100,525,1,2023-02-02 13:21:13,R_etFSm0dFuDOMJ8t,,,,,42.7367,-84.4758,anonymous,EN,Sub025,26,2,1,1,3,1,1,1,3,1,1,4,4,4,2,4,2,1,2,1,1,2,2,2,1,2,1,1,1,1,2,1,2,1,2,2,2,2,2,2
2023-02-02 15:28:38,2023-02-02 15:31:29,0,35.20.221.101,100,171,1,2023-02-02 15:31:29,R_5tCg2bnkwLwWXlL,,,,,42.7367,-84.4758,anonymous,EN,Sub026,18,1,2,2,2,1,1,2,1,1,3,4,4,4,3,4,1,1,1,1,1,1,1,1,2,1,1,1,2,1,2,2,2,1,1,2,2,2,2,1
2023-02-03 07:33:20,2023-02-03 07:37:06,0,35.20.221.101,100,225,1,2023-02-03 07:37:06,R_2CxIL3fCruofzCx,,,,,42.7367,-84.4758,anonymous,EN,sub027,28,1,1,1,1,2,1,1,2,1,1,3,4,2,2,4,1,1,1,1,1,1,1,1,1,1,2,1,1,1,2,1,2,1,1,2,1,1,2,1
2023-02-03 08:15:01,2023-02-03 08:17:17,0,35.20.221.101,100,136,1,2023-02-03 08:17:17,R_3CQmcpY5pregT3f,,,,,42.7367,-84.4758,anonymous,EN,Sub028,22,1,1,1,1,2,1,1,1,1,1,3,5,2,2,1,1,1,2,1,2,1,1,2,2,2,2,2,2,2,2,2,2,2,2,1,1,1,2,1
2023-02-03 11:17:44,2023-02-03 11:20:24,0,35.20.221.101,100,160,1,2023-02-03 11:20:25,R_1jvL6DFkJCAKIFR,,,,,42.7367,-84.4758,anonymous,EN,Sub029,22,1,1,2,4,3,2,4,4,2,1,5,5,5,5,5,1,1,1,1,1,1,1,1,1,1,1,1,1,1,2,1,2,1,2,1,1,1,1,1
2023-02-03 12:13:34,2023-02-03 12:19:41,0,35.20.221.101,100,367,1,2023-02-03 12:19:42,R_1dtXDkMVBFFucOH,,,,,42.7367,-84.4758,anonymous,EN,Sub030,21,1,1,1,2,2,1,1,2,1,1,4,4,3,4,2,2,1,1,2,2,1,1,1,1,1,1,1,1,1,2,1,2,1,2,2,1,1,2,1
2023-02-03 13:18:25,2023-02-03 13:24:45,0,35.20.221.101,100,380,1,2023-02-03 13:24:45,R_2dAZHnxUVgzX95N,,,,,42.7367,-84.4758,anonymous,EN,Sub031,32,2,3,2,1,2,2,1,3,1,1,4,4,4,3,2,2,2,1,1,2,1,1,1,1,1,2,2,1,2,2,2,2,1,2,2,1,1,2,1
2023-02-03 13:59:54,2023-02-03 14:07:43,0,35.20.221.101,100,469,1,2023-02-03 14:07:46,R_2zATULRNBmdg7W5,,,,,42.7367,-84.4758,anonymous,EN,Sub032,43,1,1,1,1,1,1,1,3,1,1,4,5,4,5,4,2,1,1,1,1,1,2,1,2,2,2,2,1,2,2,1,2,1,1,2,1,2,2,2
2023-02-03 14:19:58,2023-02-03 14:25:15,0,35.20.221.101,100,316,1,2023-02-03 14:25:15,R_SOyBxVjLBa7lpbH,,,,,42.7367,-84.4758,anonymous,EN,Sub032,37,1,1,1,2,2,1,1,2,1,1,5,4,5,3,5,1,1,1,1,1,1,1,1,2,1,1,1,1,1,2,1,2,1,2,1,1,1,2,1
2023-02-06 08:10:25,2023-02-06 08:37:10,0,35.20.221.101,100,1604,1,2023-02-06 08:37:10,R_VUchN2RfyjSHMJP,,,,,42.7367,-84.4758,anonymous,EN,sub034,20,1,1,1,1,1,1,1,1,1,1,2,3,2,3,1,1,1,1,1,1,1,1,1,2,1,1,1,1,2,2,1,2,1,1,2,1,1,2,1
2023-02-06 12:23:35,2023-02-06 12:25:55,0,35.20.221.101,100,140,1,2023-02-06 12:25:56,R_3fSQ5qf3vGP76Lk,,,,,42.7367,-84.4758,anonymous,EN,sub035,22,1,1,1,2,2,1,1,3,2,1,1,4,3,2,4,2,2,1,1,1,2,2,1,2,1,2,1,1,1,2,2,2,1,2,1,1,1,,1
2023-02-06 13:17:27,2023-02-06 13:19:09,0,35.20.221.101,100,101,1,2023-02-06 13:19:10,R_2y4qucicLdbZ5k4,,,,,42.7367,-84.4758,anonymous,EN,sub036,19,2,1,1,1,3,1,1,3,1,1,4,4,4,4,2,1,1,1,1,1,2,2,1,2,1,1,2,1,1,2,1,2,2,2,2,2,1,2,1
2023-02-06 15:14:25,2023-02-06 15:16:25,0,35.20.221.101,100,120,1,2023-02-06 15:16:25,R_10U7Dcmrxdl2m4V,,,,,42.7367,-84.4758,anonymous,EN,sub037,21,2,1,1,1,1,1,1,2,1,1,4,5,4,4,4,1,1,1,1,1,1,2,1,2,2,2,2,1,1,2,1,2,1,1,2,1,1,2,1
2023-02-07 07:20:17,2023-02-07 07:23:09,0,35.20.221.101,100,172,1,2023-02-07 07:23:10,R_a33xj2DQeXXtkdz,,,,,42.7367,-84.4758,anonymous,EN,sub038,19,2,2,1,2,1,1,1,1,1,1,4,4,4,3,2,2,1,1,1,2,1,2,2,2,1,2,1,1,1,2,1,2,1,2,1,1,1,2,1
2023-02-07 08:24:46,2023-02-07 08:26:27,0,35.20.221.101,100,101,1,2023-02-07 08:26:28,R_3mgEokHNwYKJZ3S,,,,,42.7367,-84.4758,anonymous,EN,sub039,22,2,1,1,1,1,1,1,1,1,1,3,5,4,4,4,1,1,1,1,1,1,1,1,1,1,1,1,1,1,2,1,2,2,1,2,1,2,2,2
2023-02-07 09:16:27,2023-02-07 09:25:35,0,35.20.221.101,100,548,1,2023-02-07 09:25:36,R_O218vNuQV3kKt5D,,,,,42.7367,-84.4758,anonymous,EN,Sub040,19,1,1,1,1,2,1,2,2,1,1,4,4,5,3,4,1,1,1,1,1,1,2,1,1,1,1,1,1,2,2,1,2,1,1,2,2,2,2,2
