,zeros,bbnums,fix_bill,billboard,position_index,billboard_named_position,billboard_image_at_position_text
0,0.0,1.0,3,1.0,1,billboard_image_1,disobey_vape
1,0.0,2.0,2,2.0,2,billboard_image_2,education_donation
2,0.0,3.0,1,3.0,3,billboard_image_3,coffee
3,0.0,4.0,3,4.0,4,billboard_image_4,buckle_up
4,0.0,5.0,2,5.0,5,billboard_image_5,burger
5,0.0,6.0,2,6.0,6,billboard_image_6,smartphone
6,0.0,7.0,3,7.0,7,billboard_image_7,underage_drinking
7,0.0,8.0,2,8.0,8,billboard_image_8,binge_drinking
8,0.0,9.0,2,9.0,9,billboard_image_9,lawyer
9,0.0,10.0,4,10.0,10,billboard_image_10,drugged_driving
10,0.0,11.0,1,11.0,11,billboard_image_11,hotel
11,0.0,12.0,3,12.0,12,billboard_image_12,pizza
12,0.0,13.0,5,13.0,13,billboard_image_13,marijuana_driving
13,0.0,14.0,2,14.0,14,billboard_image_14,brunch
14,0.0,15.0,4,15.0,15,billboard_image_15,distracted_driving
15,0.0,16.0,2,16.0,16,billboard_image_16,furniture
16,0.0,17.0,4,17.0,17,billboard_image_17,texting_driving
17,0.0,18.0,5,18.0,18,billboard_image_18,stop_smoking
18,0.0,19.0,2,19.0,19,billboard_image_19,drunk_driving
19,0.0,20.0,4,20.0,20,billboard_image_20,salad
