,zeros,bbnums,fix_bill,billboard,position_index,billboard_named_position,billboard_image_at_position_text
0,0.0,1.0,1.0,1.0,1,billboard_image_1,education_donation
1,0.0,2.0,3.0,2.0,2,billboard_image_2,disobey_vape
2,0.0,3.0,3.0,3.0,3,billboard_image_3,drugged_driving
3,0.0,4.0,1.0,4.0,4,billboard_image_4,distracted_driving
4,0.0,5.0,5.0,5.0,5,billboard_image_5,brunch
5,0.0,6.0,2.0,6.0,6,billboard_image_6,hotel
6,0.0,7.0,5.0,7.0,7,billboard_image_7,coffee
7,0.0,8.0,2.0,8.0,8,billboard_image_8,marijuana_driving
8,0.0,9.0,2.0,9.0,9,billboard_image_9,underage_drinking
9,0.0,10.0,2.0,10.0,10,billboard_image_10,furniture
10,0.0,11.0,1.0,11.0,11,billboard_image_11,smartphone
11,0.0,12.0,2.0,12.0,12,billboard_image_12,texting_driving
12,0.0,13.0,0.0,13.0,13,billboard_image_13,drunk_driving
13,0.0,14.0,1.0,14.0,14,billboard_image_14,salad
14,0.0,15.0,2.0,15.0,15,billboard_image_15,lawyer
15,0.0,16.0,3.0,16.0,16,billboard_image_16,pizza
16,0.0,17.0,5.0,17.0,17,billboard_image_17,stop_smoking
17,0.0,18.0,2.0,18.0,18,billboard_image_18,binge_drinking
18,0.0,19.0,2.0,19.0,19,billboard_image_19,burger
19,0.0,20.0,1.0,20.0,20,billboard_image_20,buckle_up
