,zeros,bbnums,fix_bill,billboard,position_index,billboard_named_position,billboard_image_at_position_text
0,0.0,1.0,1,1.0,1,billboard_image_1,marijuana_driving
1,0.0,2.0,4,2.0,2,billboard_image_2,stop_smoking
2,0.0,3.0,2,3.0,3,billboard_image_3,pizza
3,0.0,4.0,2,4.0,4,billboard_image_4,texting_driving
4,0.0,5.0,1,5.0,5,billboard_image_5,drunk_driving
5,0.0,6.0,2,6.0,6,billboard_image_6,drugged_driving
6,0.0,7.0,2,7.0,7,billboard_image_7,salad
7,0.0,8.0,3,8.0,8,billboard_image_8,disobey_vape
8,0.0,9.0,4,9.0,9,billboard_image_9,brunch
9,0.0,10.0,2,10.0,10,billboard_image_10,binge_drinking
10,0.0,11.0,4,11.0,11,billboard_image_11,distracted_driving
11,0.0,12.0,3,12.0,12,billboard_image_12,burger
12,0.0,13.0,4,13.0,13,billboard_image_13,coffee
13,0.0,14.0,1,14.0,14,billboard_image_14,smartphone
14,0.0,15.0,4,15.0,15,billboard_image_15,furniture
15,0.0,16.0,1,16.0,16,billboard_image_16,buckle_up
16,0.0,17.0,2,17.0,17,billboard_image_17,lawyer
17,0.0,18.0,4,18.0,18,billboard_image_18,education_donation
18,0.0,19.0,3,19.0,19,billboard_image_19,underage_drinking
19,0.0,20.0,5,20.0,20,billboard_image_20,hotel
