,zeros,bbnums,fix_bill,billboard,position_index,billboard_named_position,billboard_image_at_position_text
0,0.0,1.0,1,1.0,1,billboard_image_1,marijuana_driving
1,0.0,2.0,7,2.0,2,billboard_image_2,coffee
2,0.0,3.0,4,3.0,3,billboard_image_3,pizza
3,0.0,4.0,4,4.0,4,billboard_image_4,smartphone
4,0.0,5.0,4,5.0,5,billboard_image_5,furniture
5,0.0,6.0,2,6.0,6,billboard_image_6,drugged_driving
6,0.0,7.0,2,7.0,7,billboard_image_7,drunk_driving
7,0.0,8.0,6,8.0,8,billboard_image_8,stop_smoking
8,0.0,9.0,4,9.0,9,billboard_image_9,distracted_driving
9,0.0,10.0,2,10.0,10,billboard_image_10,texting_driving
10,0.0,11.0,6,11.0,11,billboard_image_11,buckle_up
11,0.0,12.0,1,12.0,12,billboard_image_12,hotel
12,0.0,13.0,3,13.0,13,billboard_image_13,disobey_vape
13,0.0,14.0,5,14.0,14,billboard_image_14,burger
14,0.0,15.0,6,15.0,15,billboard_image_15,underage_drinking
15,0.0,16.0,3,16.0,16,billboard_image_16,lawyer
16,0.0,17.0,6,17.0,17,billboard_image_17,brunch
17,0.0,18.0,6,18.0,18,billboard_image_18,education_donation
18,0.0,19.0,3,19.0,19,billboard_image_19,binge_drinking
19,0.0,20.0,5,20.0,20,billboard_image_20,salad
