,zeros,bbnums,fix_bill,billboard,position_index,billboard_named_position,billboard_image_at_position_text
0,0.0,1.0,1,1.0,1,billboard_image_1,burger
1,0.0,2.0,2,2.0,2,billboard_image_2,smartphone
2,0.0,3.0,2,3.0,3,billboard_image_3,underage_drinking
3,0.0,4.0,2,4.0,4,billboard_image_4,brunch
4,0.0,5.0,1,5.0,5,billboard_image_5,drunk_driving
5,0.0,6.0,1,6.0,6,billboard_image_6,buckle_up
6,0.0,7.0,2,7.0,7,billboard_image_7,salad
7,0.0,8.0,4,8.0,8,billboard_image_8,lawyer
8,0.0,9.0,4,9.0,9,billboard_image_9,drugged_driving
9,0.0,10.0,4,10.0,10,billboard_image_10,hotel
10,0.0,11.0,2,11.0,11,billboard_image_11,coffee
11,0.0,12.0,2,12.0,12,billboard_image_12,binge_drinking
12,0.0,13.0,1,13.0,13,billboard_image_13,pizza
13,0.0,14.0,3,14.0,14,billboard_image_14,disobey_vape
14,0.0,15.0,4,15.0,15,billboard_image_15,texting_driving
15,0.0,16.0,4,16.0,16,billboard_image_16,education_donation
16,0.0,17.0,7,17.0,17,billboard_image_17,stop_smoking
17,0.0,18.0,2,18.0,18,billboard_image_18,distracted_driving
18,0.0,19.0,3,19.0,19,billboard_image_19,marijuana_driving
19,0.0,20.0,1,20.0,20,billboard_image_20,furniture
