,zeros,bbnums,fix_bill,billboard,position_index,billboard_named_position,billboard_image_at_position_text
0,0.0,1.0,4.0,1.0,1,billboard_image_1,disobey_vape
1,0.0,2.0,5.0,2.0,2,billboard_image_2,underage_drinking
2,0.0,3.0,5.0,3.0,3,billboard_image_3,burger
3,0.0,4.0,7.0,4.0,4,billboard_image_4,furniture
4,0.0,5.0,3.0,5.0,5,billboard_image_5,stop_smoking
5,0.0,6.0,4.0,6.0,6,billboard_image_6,coffee
6,0.0,7.0,3.0,7.0,7,billboard_image_7,distracted_driving
7,0.0,8.0,2.0,8.0,8,billboard_image_8,lawyer
8,0.0,9.0,2.0,9.0,9,billboard_image_9,salad
9,0.0,10.0,0.0,10.0,10,billboard_image_10,drugged_driving
10,0.0,11.0,6.0,11.0,11,billboard_image_11,buckle_up
11,0.0,12.0,1.0,12.0,12,billboard_image_12,brunch
12,0.0,13.0,6.0,13.0,13,billboard_image_13,marijuana_driving
13,0.0,14.0,1.0,14.0,14,billboard_image_14,drunk_driving
14,0.0,15.0,6.0,15.0,15,billboard_image_15,texting_driving
15,0.0,16.0,1.0,16.0,16,billboard_image_16,hotel
16,0.0,17.0,5.0,17.0,17,billboard_image_17,binge_drinking
17,0.0,18.0,3.0,18.0,18,billboard_image_18,education_donation
18,0.0,19.0,4.0,19.0,19,billboard_image_19,pizza
19,0.0,20.0,4.0,20.0,20,billboard_image_20,smartphone
