,zeros,bbnums,fix_bill,billboard,position_index,billboard_named_position,billboard_image_at_position_text
0,0.0,1.0,2,1.0,1,billboard_image_1,disobey_vape
1,0.0,2.0,8,2.0,2,billboard_image_2,salad
2,0.0,3.0,6,3.0,3,billboard_image_3,stop_smoking
3,0.0,4.0,5,4.0,4,billboard_image_4,smartphone
4,0.0,5.0,7,5.0,5,billboard_image_5,pizza
5,0.0,6.0,4,6.0,6,billboard_image_6,drugged_driving
6,0.0,7.0,4,7.0,7,billboard_image_7,texting_driving
7,0.0,8.0,3,8.0,8,billboard_image_8,hotel
8,0.0,9.0,8,9.0,9,billboard_image_9,binge_drinking
9,0.0,10.0,7,10.0,10,billboard_image_10,brunch
10,0.0,11.0,7,11.0,11,billboard_image_11,burger
11,0.0,12.0,2,12.0,12,billboard_image_12,underage_drinking
12,0.0,13.0,4,13.0,13,billboard_image_13,lawyer
13,0.0,14.0,6,14.0,14,billboard_image_14,furniture
14,0.0,15.0,5,15.0,15,billboard_image_15,education_donation
15,0.0,16.0,4,16.0,16,billboard_image_16,marijuana_driving
16,0.0,17.0,3,17.0,17,billboard_image_17,coffee
17,0.0,18.0,4,18.0,18,billboard_image_18,distracted_driving
18,0.0,19.0,5,19.0,19,billboard_image_19,drunk_driving
19,0.0,20.0,7,20.0,20,billboard_image_20,buckle_up
