,zeros,bbnums,fix_bill,billboard,position_index,billboard_named_position,billboard_image_at_position_text
0,0.0,1.0,2,1.0,1,billboard_image_1,texting_driving
1,0.0,2.0,1,2.0,2,billboard_image_2,burger
2,0.0,3.0,1,3.0,3,billboard_image_3,drunk_driving
3,0.0,4.0,1,4.0,4,billboard_image_4,coffee
4,0.0,5.0,1,5.0,5,billboard_image_5,hotel
5,0.0,6.0,1,6.0,6,billboard_image_6,disobey_vape
6,0.0,7.0,2,7.0,7,billboard_image_7,buckle_up
7,0.0,8.0,1,8.0,8,billboard_image_8,pizza
8,0.0,9.0,2,9.0,9,billboard_image_9,lawyer
9,0.0,10.0,1,10.0,10,billboard_image_10,drugged_driving
10,0.0,11.0,3,11.0,11,billboard_image_11,smartphone
11,0.0,12.0,2,12.0,12,billboard_image_12,brunch
12,0.0,13.0,2,13.0,13,billboard_image_13,distracted_driving
13,0.0,14.0,3,14.0,14,billboard_image_14,salad
14,0.0,15.0,1,15.0,15,billboard_image_15,stop_smoking
15,0.0,16.0,1,16.0,16,billboard_image_16,education_donation
16,0.0,17.0,1,17.0,17,billboard_image_17,underage_drinking
17,0.0,18.0,3,18.0,18,billboard_image_18,furniture
18,0.0,19.0,2,19.0,19,billboard_image_19,marijuana_driving
19,0.0,20.0,1,20.0,20,billboard_image_20,binge_drinking
