,zeros,bbnums,fix_bill,billboard,position_index,billboard_named_position,billboard_image_at_position_text
0,0.0,1.0,0.0,1.0,1,billboard_image_1,drugged_driving
1,0.0,2.0,0.0,2.0,2,billboard_image_2,underage_drinking
2,0.0,3.0,0.0,3.0,3,billboard_image_3,salad
3,0.0,4.0,0.0,4.0,4,billboard_image_4,burger
4,0.0,5.0,0.0,5.0,5,billboard_image_5,distracted_driving
5,0.0,6.0,0.0,6.0,6,billboard_image_6,hotel
6,0.0,7.0,1.0,7.0,7,billboard_image_7,buckle_up
7,0.0,8.0,0.0,8.0,8,billboard_image_8,education_donation
8,0.0,9.0,0.0,9.0,9,billboard_image_9,coffee
9,0.0,10.0,0.0,10.0,10,billboard_image_10,texting_driving
10,0.0,11.0,0.0,11.0,11,billboard_image_11,binge_drinking
11,0.0,12.0,0.0,12.0,12,billboard_image_12,drunk_driving
12,0.0,13.0,0.0,13.0,13,billboard_image_13,stop_smoking
13,0.0,14.0,0.0,14.0,14,billboard_image_14,lawyer
14,0.0,15.0,0.0,15.0,15,billboard_image_15,brunch
15,0.0,16.0,0.0,16.0,16,billboard_image_16,marijuana_driving
16,0.0,17.0,0.0,17.0,17,billboard_image_17,furniture
17,0.0,18.0,0.0,18.0,18,billboard_image_18,pizza
18,0.0,19.0,0.0,19.0,19,billboard_image_19,disobey_vape
19,0.0,20.0,0.0,20.0,20,billboard_image_20,smartphone
