,zeros,bbnums,fix_bill,billboard,position_index,billboard_named_position,billboard_image_at_position_text
0,0.0,1.0,3,1.0,1,billboard_image_1,education_donation
1,0.0,2.0,5,2.0,2,billboard_image_2,smartphone
2,0.0,3.0,5,3.0,3,billboard_image_3,lawyer
3,0.0,4.0,2,4.0,4,billboard_image_4,buckle_up
4,0.0,5.0,6,5.0,5,billboard_image_5,drunk_driving
5,0.0,6.0,5,6.0,6,billboard_image_6,stop_smoking
6,0.0,7.0,3,7.0,7,billboard_image_7,disobey_vape
7,0.0,8.0,5,8.0,8,billboard_image_8,distracted_driving
8,0.0,9.0,5,9.0,9,billboard_image_9,texting_driving
9,0.0,10.0,3,10.0,10,billboard_image_10,brunch
10,0.0,11.0,5,11.0,11,billboard_image_11,underage_drinking
11,0.0,12.0,4,12.0,12,billboard_image_12,drugged_driving
12,0.0,13.0,2,13.0,13,billboard_image_13,furniture
13,0.0,14.0,3,14.0,14,billboard_image_14,binge_drinking
14,0.0,15.0,2,15.0,15,billboard_image_15,pizza
15,0.0,16.0,4,16.0,16,billboard_image_16,coffee
16,0.0,17.0,2,17.0,17,billboard_image_17,hotel
17,0.0,18.0,3,18.0,18,billboard_image_18,salad
18,0.0,19.0,4,19.0,19,billboard_image_19,marijuana_driving
19,0.0,20.0,4,20.0,20,billboard_image_20,burger
