,zeros,bbnums,fix_bill,billboard,position_index,billboard_named_position,billboard_image_at_position_text
0,0.0,1.0,2,1.0,1,billboard_image_1,drugged_driving
1,0.0,2.0,1,2.0,2,billboard_image_2,buckle_up
2,0.0,3.0,1,3.0,3,billboard_image_3,smartphone
3,0.0,4.0,2,4.0,4,billboard_image_4,brunch
4,0.0,5.0,1,5.0,5,billboard_image_5,burger
5,0.0,6.0,2,6.0,6,billboard_image_6,underage_drinking
6,0.0,7.0,1,7.0,7,billboard_image_7,marijuana_driving
7,0.0,8.0,1,8.0,8,billboard_image_8,salad
8,0.0,9.0,5,9.0,9,billboard_image_9,binge_drinking
9,0.0,10.0,2,10.0,10,billboard_image_10,drunk_driving
10,0.0,11.0,2,11.0,11,billboard_image_11,pizza
11,0.0,12.0,3,12.0,12,billboard_image_12,stop_smoking
12,0.0,13.0,2,13.0,13,billboard_image_13,furniture
13,0.0,14.0,3,14.0,14,billboard_image_14,education_donation
14,0.0,15.0,1,15.0,15,billboard_image_15,coffee
15,0.0,16.0,2,16.0,16,billboard_image_16,texting_driving
16,0.0,17.0,2,17.0,17,billboard_image_17,hotel
17,0.0,18.0,3,18.0,18,billboard_image_18,lawyer
18,0.0,19.0,2,19.0,19,billboard_image_19,disobey_vape
19,0.0,20.0,2,20.0,20,billboard_image_20,distracted_driving
