,zeros,bbnums,fix_bill,billboard,position_index,billboard_named_position,billboard_image_at_position_text
0,0.0,1.0,3,1.0,1,billboard_image_1,stop_smoking
1,0.0,2.0,1,2.0,2,billboard_image_2,hotel
2,0.0,3.0,3,3.0,3,billboard_image_3,burger
3,0.0,4.0,1,4.0,4,billboard_image_4,brunch
4,0.0,5.0,4,5.0,5,billboard_image_5,distracted_driving
5,0.0,6.0,3,6.0,6,billboard_image_6,drunk_driving
6,0.0,7.0,3,7.0,7,billboard_image_7,disobey_vape
7,0.0,8.0,3,8.0,8,billboard_image_8,salad
8,0.0,9.0,2,9.0,9,billboard_image_9,marijuana_driving
9,0.0,10.0,4,10.0,10,billboard_image_10,drugged_driving
10,0.0,11.0,2,11.0,11,billboard_image_11,coffee
11,0.0,12.0,2,12.0,12,billboard_image_12,binge_drinking
12,0.0,13.0,4,13.0,13,billboard_image_13,buckle_up
13,0.0,14.0,1,14.0,14,billboard_image_14,education_donation
14,0.0,15.0,1,15.0,15,billboard_image_15,underage_drinking
15,0.0,16.0,2,16.0,16,billboard_image_16,furniture
16,0.0,17.0,1,17.0,17,billboard_image_17,pizza
17,0.0,18.0,1,18.0,18,billboard_image_18,smartphone
18,0.0,19.0,2,19.0,19,billboard_image_19,texting_driving
19,0.0,20.0,2,20.0,20,billboard_image_20,lawyer
