,zeros,bbnums,fix_bill,billboard,position_index,billboard_named_position,billboard_image_at_position_text
0,0.0,1.0,4,1.0,1,billboard_image_1,marijuana_driving
1,0.0,2.0,5,2.0,2,billboard_image_2,underage_drinking
2,0.0,3.0,3,3.0,3,billboard_image_3,hotel
3,0.0,4.0,3,4.0,4,billboard_image_4,smartphone
4,0.0,5.0,4,5.0,5,billboard_image_5,drunk_driving
5,0.0,6.0,3,6.0,6,billboard_image_6,binge_drinking
6,0.0,7.0,5,7.0,7,billboard_image_7,distracted_driving
7,0.0,8.0,3,8.0,8,billboard_image_8,texting_driving
8,0.0,9.0,4,9.0,9,billboard_image_9,coffee
9,0.0,10.0,2,10.0,10,billboard_image_10,furniture
10,0.0,11.0,5,11.0,11,billboard_image_11,brunch
11,0.0,12.0,4,12.0,12,billboard_image_12,buckle_up
12,0.0,13.0,3,13.0,13,billboard_image_13,drugged_driving
13,0.0,14.0,3,14.0,14,billboard_image_14,education_donation
14,0.0,15.0,4,15.0,15,billboard_image_15,burger
15,0.0,16.0,4,16.0,16,billboard_image_16,salad
16,0.0,17.0,1,17.0,17,billboard_image_17,pizza
17,0.0,18.0,2,18.0,18,billboard_image_18,lawyer
18,0.0,19.0,4,19.0,19,billboard_image_19,disobey_vape
19,0.0,20.0,4,20.0,20,billboard_image_20,stop_smoking
