,zeros,bbnums,fix_bill,billboard,position_index,billboard_named_position,billboard_image_at_position_text
0,0.0,1.0,1,1.0,1,billboard_image_1,distracted_driving
1,0.0,2.0,2,2.0,2,billboard_image_2,burger
2,0.0,3.0,2,3.0,3,billboard_image_3,stop_smoking
3,0.0,4.0,1,4.0,4,billboard_image_4,drunk_driving
4,0.0,5.0,3,5.0,5,billboard_image_5,underage_drinking
5,0.0,6.0,2,6.0,6,billboard_image_6,pizza
6,0.0,7.0,2,7.0,7,billboard_image_7,brunch
7,0.0,8.0,2,8.0,8,billboard_image_8,buckle_up
8,0.0,9.0,1,9.0,9,billboard_image_9,disobey_vape
9,0.0,10.0,1,10.0,10,billboard_image_10,furniture
10,0.0,11.0,3,11.0,11,billboard_image_11,texting_driving
11,0.0,12.0,2,12.0,12,billboard_image_12,lawyer
12,0.0,13.0,2,13.0,13,billboard_image_13,smartphone
13,0.0,14.0,1,14.0,14,billboard_image_14,salad
14,0.0,15.0,2,15.0,15,billboard_image_15,drugged_driving
15,0.0,16.0,1,16.0,16,billboard_image_16,coffee
16,0.0,17.0,1,17.0,17,billboard_image_17,marijuana_driving
17,0.0,18.0,3,18.0,18,billboard_image_18,hotel
18,0.0,19.0,2,19.0,19,billboard_image_19,education_donation
19,0.0,20.0,3,20.0,20,billboard_image_20,binge_drinking
